Workbook

Sheet Scholarship Test Report Card
A1: Student ID | B1: Name | C1: Program Code | D1: Program Fees | E1: Test Score | F1: Scholarship Status
A2: 9186 | B2: Aakash Sharma | C2: =VLOOKUP(B2,Students!B:C,2,FALSE) -> BL-SPEA | D2: =VLOOKUP(C2,Fees!A:B,2,FALSE) -> 2800 | E2: =VLOOKUP(A2,TestScores!A:C,3,false) -> 86 | F2: =IF(E2>=80,"50%",IF(E2>=60,"25%","No scholarship")) -> 50%
A3: 9144 | B3: Ms. Simran | C3: =VLOOKUP(B3,Students!B:C,2,FALSE) -> BL-EDUC | D3: =VLOOKUP(C3,Fees!A:B,2,FALSE) -> 5920 | E3: =VLOOKUP(A3,TestScores!A:C,3,false) -> 97 | F3: =IF(E3>=80,"50%",IF(E3>=60,"25%","No scholarship")) -> 50%
A4: 9132 | B4: Rishav Moitra | C4: =VLOOKUP(B4,Students!B:C,2,FALSE) -> BL-HPER | D4: =VLOOKUP(C4,Fees!A:B,2,FALSE) -> 4640 | E4: =VLOOKUP(A4,TestScores!A:C,3,false) -> 90 | F4: =IF(E4>=80,"50%",IF(E4>=60,"25%","No scholarship")) -> 50%
A5: 9147 | B5: Sunita Saha | C5: =VLOOKUP(B5,Students!B:C,2,FALSE) -> BL-FINA | D5: =VLOOKUP(C5,Fees!A:B,2,FALSE) -> 3920 | E5: =VLOOKUP(A5,TestScores!A:C,3,false) -> 79 | F5: =IF(E5>=80,"50%",IF(E5>=60,"25%","No scholarship")) -> 25%
A6: 9149 | B6: Barasha Das | C6: =VLOOKUP(B6,Students!B:C,2,FALSE) -> BL-FINA | D6: =VLOOKUP(C6,Fees!A:B,2,FALSE) -> 3920 | E6: =VLOOKUP(A6,TestScores!A:C,3,false) -> 97 | F6: =IF(E6>=80,"50%",IF(E6>=60,"25%","No scholarship")) -> 50%
A7: 9153 | B7: Aaron Singson | C7: =VLOOKUP(B7,Students!B:C,2,FALSE) -> BL-ANTH | D7: =VLOOKUP(C7,Fees!A:B,2,FALSE) -> 1840 | E7: =VLOOKUP(A7,TestScores!A:C,3,false) -> 95 | F7: =IF(E7>=80,"50%",IF(E7>=60,"25%","No scholarship")) -> 50%
A8: 9117 | B8: Arka Jyoti | C8: =VLOOKUP(B8,Students!B:C,2,FALSE) -> BL-EDUC | D8: =VLOOKUP(C8,Fees!A:B,2,FALSE) -> 5920 | E8: =VLOOKUP(A8,TestScores!A:C,3,false) -> 77 | F8: =IF(E8>=80,"50%",IF(E8>=60,"25%","No scholarship")) -> 25%
A9: 9211 | B9: Jintee Dutta | C9: =VLOOKUP(B9,Students!B:C,2,FALSE) -> BL-PSY | D9: =VLOOKUP(C9,Fees!A:B,2,FALSE) -> 1920 | E9: =VLOOKUP(A9,TestScores!A:C,3,false) -> 75 | F9: =IF(E9>=80,"50%",IF(E9>=60,"25%","No scholarship")) -> 25%
A10: 9144 | B10: Ms. Simran | C10: =VLOOKUP(B10,Students!B:C,2,FALSE) -> BL-EDUC | D10: =VLOOKUP(C10,Fees!A:B,2,FALSE) -> 5920 | E10: =VLOOKUP(A10,TestScores!A:C,3,false) -> 97 | F10: =IF(E10>=80,"50%",IF(E10>=60,"25%","No scholarship")) -> 50%
A11: 9154 | B11: Sakshi Singh | C11: =VLOOKUP(B11,Students!B:C,2,FALSE) -> BL-BI | D11: =VLOOKUP(C11,Fees!A:B,2,FALSE) -> 2160 | E11: =VLOOKUP(A11,TestScores!A:C,3,false) -> 99 | F11: =IF(E11>=80,"50%",IF(E11>=60,"25%","No scholarship")) -> 50%
A12: 9194 | B12: Santanu Handique | C12: =VLOOKUP(B12,Students!B:C,2,FALSE) -> BL-LAWS | D12: =VLOOKUP(C12,Fees!A:B,2,FALSE) -> 5440 | E12: =VLOOKUP(A12,TestScores!A:C,3,false) -> 84 | F12: =IF(E12>=80,"50%",IF(E12>=60,"25%","No scholarship")) -> 50%
A13: 9142 | B13: Kumbham Charishma | C13: =VLOOKUP(B13,Students!B:C,2,FALSE) -> BL-BI | D13: =VLOOKUP(C13,Fees!A:B,2,FALSE) -> 2160 | E13: =VLOOKUP(A13,TestScores!A:C,3,false) -> 89 | F13: =IF(E13>=80,"50%",IF(E13>=60,"25%","No scholarship")) -> 50%
... A33: 9161 | B33: Vineeta yadav | C33: =VLOOKUP(B33,Students!B:C,2,FALSE) -> BL-NELC | D33: =VLOOKUP(C33,Fees!A:B,2,FALSE) -> #N/A | E33: =VLOOKUP(A33,TestScores!A:C,3,false) -> 90 | F33: =IF(E33>=80,"50%",IF(E33>=60,"25%","No scholarship")) -> 50%

Sheet Students
A2: University ID | B2: Full Name | C2: Prog Code | D2: Major | E2: FT/PT | F2: Residence Hall
A3: 9100 | B3: Ankur Trivedi | C3: BL-BI | D3: Biology | E3: Full time | F3: Newton
A4: 9101 | B4: Shalini Aurora | C4: BL-GEOL | D4: Geology | E4: Full time | F4: King
A5: 9102 | B5: Monika Singh | C5: BL-BUS | D5: Business | E5: Part time | F5: Abernathy
A6: 9103 | B6: Raghav | C6: BL-MUS | D6: Music | E6: Full time | F6: Abernathy
A7: 9104 | B7: Rehan Ahmed | C7: BL-EDUC | D7: Education | E7: Full time | F7: Seale
A8: 9105 | B8: Shreya Agrawal | C8: BL-JOUR | D8: Journalism | E8: Full time | F8: Carmichael
A9: 9106 | B9: Rashi Jha | C9: BL-OPT | D9: Optometry | E9: Full time | F9: off-campus
A10: 9107 | B10: Poulomi Sarkar | C10: BL-BUS | D10: Business | E10: Full time | F10: off-campus
A12: 9109 | B12: Pallab Barman | C12: BL-EDUC | D12: Education | E12: Full time | F12: off-campus
A13: 9110 | B13: Ankita Majumder | C13: BL-AMID | D13: Apparel Merchandising | E13: Full time | F13: off-campus
A14: 9111 | B14: Sourav Dasgupta | C14: BL-EALC | D14: East Asian Language and Culture | E14: Part time | F14: Seale
A15: 9112 | B15: Pritam Kumar | C15: BL-EDUC | D15: Education | E15: Full time | F15: off-campus
... A239: 9387 | B239: Mugito Shikikawa | C239: BL-REL | D239: Communication | E239: Full time | F239: King

Sheet Fees
A1: Program Code | B1: Fee
A2: BL-ANTH | B2: 1840
A3: BL-AMID | B3: 2000
A4: BL-BI | B4: 2160
A5: BL-BUS | B5: 6880
A6: BL-LING | B6: 1680
A7: BL-CJUS | B7: 4800
A8: BL-EALC | B8: 4640
A9: BL-EDUC | B9: 5920
A10: BL-ENG | B10: 2080
A11: BL-FINA | B11: 3920
A12: BL-GEOL | B12: 2880
A13: BL-HPER | B13: 4640
... A24: BL-UDIV | B24: 5120

Sheet TestScores
A1: Student ID | B1: Name | C1: Test Score
A2: 9186 | B2: Aakash Sharma | C2: 86
A3: 9144 | B3: Ms. Simran | C3: 97
A4: 9132 | B4: Rishav Moitra | C4: 90
A5: 9147 | B5: Sunita Saha | C5: 79
A6: 9149 | B6: Barasha Das | C6: 97
A7: 9153 | B7: Aaron Singson | C7: 95
A8: 9117 | B8: Arka Jyoti | C8: 77
A9: 9211 | B9: Jintee Dutta | C9: 75
A10: 9144 | B10: Ms. Simran | C10: 100
A11: 9154 | B11: Sakshi Singh | C11: 99
A12: 9194 | B12: Santanu Handique | C12: 84
A13: 9142 | B13: Kumbham Charishma | C13: 89
... A33: 9161 | B33: Vineeta yadav | C33: 90
